max_depth,n_estimators,learning_rate,Profit,DD,Sharpe
4,100,0.05,13.292174815903145,6.08212647333514,0.6696768870071778
