max_depth,n_estimators,learning_rate,Profit,DD
3,50,0.05,18.70898749522476,8.233186809777997
